source_file,sector,subsector,technology,year,capital_overnight_1975USD_per_kW,fixed_charge_rate,OM_fixed,OM_var,capacity_factor
elecS_costs_Kor_ptc,base load generation,biomass,biomass_base_conv,2020,,,,,
elecS_costs_Kor_ptc,base load generation,biomass,biomass_base_conv,2025,,,,,
elecS_costs_Kor_ptc,base load generation,biomass,biomass_base_conv,2030,,,,,
elecS_costs_Kor_ptc,base load generation,biomass,biomass_base_conv,2035,,,,,
elecS_costs_Kor_ptc,base load generation,biomass,biomass_base_conv,2040,,,,,
elecS_costs_Kor_ptc,base load generation,biomass,biomass_base_conv,2045,,,,,
elecS_costs_Kor_ptc,base load generation,biomass,biomass_base_conv,2050,,,,,
elecS_costs_Kor_ptc,base load generation,biomass,biomass_base_conv,2055,,,,,
elecS_costs_Kor_ptc,base load generation,biomass,biomass_base_conv,2060,,,,,
elecS_costs_Kor_ptc,base load generation,biomass,biomass_base_conv,2065,,,,,
elecS_costs_Kor_ptc,base load generation,biomass,biomass_base_conv,2070,,,,,
elecS_costs_Kor_ptc,base load generation,biomass,biomass_base_conv,2075,,,,,
elecS_costs_Kor_ptc,base load generation,biomass,biomass_base_conv,2080,,,,,
elecS_costs_Kor_ptc,base load generation,biomass,biomass_base_conv,2085,,,,,
elecS_costs_Kor_ptc,base load generation,biomass,biomass_base_conv,2090,,,,,
elecS_costs_Kor_ptc,base load generation,biomass,biomass_base_conv,2095,,,,,
elecS_costs_Kor_ptc,base load generation,biomass,biomass_base_conv,2100,,,,,
elecS_costs_Kor_ptc,base load generation,geothermal,geo_base,2020,,,,,
elecS_costs_Kor_ptc,base load generation,geothermal,geo_base,2025,,,,,
elecS_costs_Kor_ptc,base load generation,geothermal,geo_base,2030,,,,,
elecS_costs_Kor_ptc,base load generation,geothermal,geo_base,2035,,,,,
elecS_costs_Kor_ptc,base load generation,geothermal,geo_base,2040,,,,,
elecS_costs_Kor_ptc,base load generation,geothermal,geo_base,2045,,,,,
elecS_costs_Kor_ptc,base load generation,geothermal,geo_base,2050,,,,,
elecS_costs_Kor_ptc,base load generation,geothermal,geo_base,2055,,,,,
elecS_costs_Kor_ptc,base load generation,geothermal,geo_base,2060,,,,,
elecS_costs_Kor_ptc,base load generation,geothermal,geo_base,2065,,,,,
elecS_costs_Kor_ptc,base load generation,geothermal,geo_base,2070,,,,,
elecS_costs_Kor_ptc,base load generation,geothermal,geo_base,2075,,,,,
elecS_costs_Kor_ptc,base load generation,geothermal,geo_base,2080,,,,,
elecS_costs_Kor_ptc,base load generation,geothermal,geo_base,2085,,,,,
elecS_costs_Kor_ptc,base load generation,geothermal,geo_base,2090,,,,,
elecS_costs_Kor_ptc,base load generation,geothermal,geo_base,2095,,,,,
elecS_costs_Kor_ptc,base load generation,geothermal,geo_base,2100,,,,,
elecS_costs_Kor_ptc,base load generation,wind,wind_base,2020,,,,,
elecS_costs_Kor_ptc,base load generation,wind,wind_base,2025,,,,,
elecS_costs_Kor_ptc,base load generation,wind,wind_base,2030,,,,,
elecS_costs_Kor_ptc,base load generation,wind,wind_base,2035,,,,,
elecS_costs_Kor_ptc,base load generation,wind,wind_base,2040,,,,,
elecS_costs_Kor_ptc,base load generation,wind,wind_base,2045,,,,,
elecS_costs_Kor_ptc,base load generation,wind,wind_base,2050,,,,,
elecS_costs_Kor_ptc,base load generation,wind,wind_base,2055,,,,,
elecS_costs_Kor_ptc,base load generation,wind,wind_base,2060,,,,,
elecS_costs_Kor_ptc,base load generation,wind,wind_base,2065,,,,,
elecS_costs_Kor_ptc,base load generation,wind,wind_base,2070,,,,,
elecS_costs_Kor_ptc,base load generation,wind,wind_base,2075,,,,,
elecS_costs_Kor_ptc,base load generation,wind,wind_base,2080,,,,,
elecS_costs_Kor_ptc,base load generation,wind,wind_base,2085,,,,,
elecS_costs_Kor_ptc,base load generation,wind,wind_base,2090,,,,,
elecS_costs_Kor_ptc,base load generation,wind,wind_base,2095,,,,,
elecS_costs_Kor_ptc,base load generation,wind,wind_base,2100,,,,,
elecS_costs_Kor_ptc,base load generation,wind,wind_base_storage,2020,,,,,
elecS_costs_Kor_ptc,base load generation,wind,wind_base_storage,2025,,,,,
elecS_costs_Kor_ptc,base load generation,wind,wind_base_storage,2030,,,,,
elecS_costs_Kor_ptc,base load generation,wind,wind_base_storage,2035,,,,,
elecS_costs_Kor_ptc,base load generation,wind,wind_base_storage,2040,,,,,
elecS_costs_Kor_ptc,base load generation,wind,wind_base_storage,2045,,,,,
elecS_costs_Kor_ptc,base load generation,wind,wind_base_storage,2050,,,,,
elecS_costs_Kor_ptc,base load generation,wind,wind_base_storage,2055,,,,,
elecS_costs_Kor_ptc,base load generation,wind,wind_base_storage,2060,,,,,
elecS_costs_Kor_ptc,base load generation,wind,wind_base_storage,2065,,,,,
elecS_costs_Kor_ptc,base load generation,wind,wind_base_storage,2070,,,,,
elecS_costs_Kor_ptc,base load generation,wind,wind_base_storage,2075,,,,,
elecS_costs_Kor_ptc,base load generation,wind,wind_base_storage,2080,,,,,
elecS_costs_Kor_ptc,base load generation,wind,wind_base_storage,2085,,,,,
elecS_costs_Kor_ptc,base load generation,wind,wind_base_storage,2090,,,,,
elecS_costs_Kor_ptc,base load generation,wind,wind_base_storage,2095,,,,,
elecS_costs_Kor_ptc,base load generation,wind,wind_base_storage,2100,,,,,
GlobalIntTechCapital,elect_td_bld,rooftop_pv,rooftop_pv,1975,1456,0.1,,,
GlobalIntTechCapital,elect_td_bld,rooftop_pv,rooftop_pv,1990,1456,0.1,,,
GlobalIntTechCapital,elect_td_bld,rooftop_pv,rooftop_pv,2005,1456,0.1,,,
GlobalIntTechCapital,elect_td_bld,rooftop_pv,rooftop_pv,2010,1083,0.1,,,
GlobalIntTechCapital,elect_td_bld,rooftop_pv,rooftop_pv,2015,1083,0.1,,,
GlobalIntTechCapital,elect_td_bld,rooftop_pv,rooftop_pv,2020,670,0.1,,,
GlobalIntTechCapital,elect_td_bld,rooftop_pv,rooftop_pv,2025,553,0.1,,,
GlobalIntTechCapital,elect_td_bld,rooftop_pv,rooftop_pv,2030,433,0.1,,,
GlobalIntTechCapital,elect_td_bld,rooftop_pv,rooftop_pv,2035,402,0.1,,,
GlobalIntTechCapital,elect_td_bld,rooftop_pv,rooftop_pv,2040,370,0.1,,,
GlobalIntTechCapital,elect_td_bld,rooftop_pv,rooftop_pv,2045,350,0.1,,,
GlobalIntTechCapital,elect_td_bld,rooftop_pv,rooftop_pv,2050,337,0.1,,,
GlobalIntTechCapital,elect_td_bld,rooftop_pv,rooftop_pv,2055,189,0.1,,,
GlobalIntTechCapital,elect_td_bld,rooftop_pv,rooftop_pv,2060,186,0.1,,,
GlobalIntTechCapital,elect_td_bld,rooftop_pv,rooftop_pv,2065,183,0.1,,,
GlobalIntTechCapital,elect_td_bld,rooftop_pv,rooftop_pv,2070,181,0.1,,,
GlobalIntTechCapital,elect_td_bld,rooftop_pv,rooftop_pv,2075,179,0.1,,,
GlobalIntTechCapital,elect_td_bld,rooftop_pv,rooftop_pv,2080,177,0.1,,,
GlobalIntTechCapital,elect_td_bld,rooftop_pv,rooftop_pv,2085,176,0.1,,,
GlobalIntTechCapital,elect_td_bld,rooftop_pv,rooftop_pv,2090,175,0.1,,,
GlobalIntTechCapital,elect_td_bld,rooftop_pv,rooftop_pv,2095,174,0.1,,,
GlobalIntTechCapital,elect_td_bld,rooftop_pv,rooftop_pv,2100,173,0.1,,,
GlobalIntTechCapital,electricity,solar,CSP,1975,1487,0.13,,,
GlobalIntTechCapital,electricity,solar,CSP,1990,1487,0.13,,,
GlobalIntTechCapital,electricity,solar,CSP,2005,1487,0.13,,,
GlobalIntTechCapital,electricity,solar,CSP,2010,1487,0.13,,,
GlobalIntTechCapital,electricity,solar,CSP,2015,1470,0.13,,,
GlobalIntTechCapital,electricity,solar,CSP,2020,1071,0.13,,,
GlobalIntTechCapital,electricity,solar,CSP,2025,1050,0.13,,,
GlobalIntTechCapital,electricity,solar,CSP,2030,1037,0.13,,,
GlobalIntTechCapital,electricity,solar,CSP,2035,1020,0.13,,,
GlobalIntTechCapital,electricity,solar,CSP,2040,1003,0.13,,,
GlobalIntTechCapital,electricity,solar,CSP,2045,988,0.13,,,
GlobalIntTechCapital,electricity,solar,CSP,2050,964,0.13,,,
GlobalIntTechCapital,electricity,solar,CSP,2055,1487,0.13,,,
GlobalIntTechCapital,electricity,solar,CSP,2060,1487,0.13,,,
GlobalIntTechCapital,electricity,solar,CSP,2065,1487,0.13,,,
GlobalIntTechCapital,electricity,solar,CSP,2070,1487,0.13,,,
GlobalIntTechCapital,electricity,solar,CSP,2075,1487,0.13,,,
GlobalIntTechCapital,electricity,solar,CSP,2080,1487,0.13,,,
GlobalIntTechCapital,electricity,solar,CSP,2085,1487,0.13,,,
GlobalIntTechCapital,electricity,solar,CSP,2090,1487,0.13,,,
GlobalIntTechCapital,electricity,solar,CSP,2095,1487,0.13,,,
GlobalIntTechCapital,electricity,solar,CSP,2100,1487,0.13,,,
GlobalTechCapital,electricity,solar,CSP_storage,1975,2479,0.13,,,
GlobalTechCapital,electricity,solar,CSP_storage,1990,2479,0.13,,,
GlobalTechCapital,electricity,solar,CSP_storage,2005,2479,0.13,,,
GlobalTechCapital,electricity,solar,CSP_storage,2010,2270,0.13,,,
GlobalTechCapital,electricity,solar,CSP_storage,2015,2270,0.13,,,
GlobalTechCapital,electricity,solar,CSP_storage,2020,2270,0.13,,,
GlobalTechCapital,electricity,solar,CSP_storage,2025,2270,0.13,,,
GlobalTechCapital,electricity,solar,CSP_storage,2030,2270,0.13,,,
GlobalTechCapital,electricity,solar,CSP_storage,2035,2270,0.13,,,
GlobalTechCapital,electricity,solar,CSP_storage,2040,2270,0.13,,,
GlobalTechCapital,electricity,solar,CSP_storage,2045,2270,0.13,,,
GlobalTechCapital,electricity,solar,CSP_storage,2050,2270,0.13,,,
GlobalTechCapital,electricity,solar,CSP_storage,2055,1047,0.13,,,
GlobalTechCapital,electricity,solar,CSP_storage,2060,1043,0.13,,,
GlobalTechCapital,electricity,solar,CSP_storage,2065,1040,0.13,,,
GlobalTechCapital,electricity,solar,CSP_storage,2070,1036,0.13,,,
GlobalTechCapital,electricity,solar,CSP_storage,2075,1032,0.13,,,
GlobalTechCapital,electricity,solar,CSP_storage,2080,1029,0.13,,,
GlobalTechCapital,electricity,solar,CSP_storage,2085,1025,0.13,,,
GlobalTechCapital,electricity,solar,CSP_storage,2090,1022,0.13,,,
GlobalTechCapital,electricity,solar,CSP_storage,2095,1018,0.13,,,
GlobalTechCapital,electricity,solar,CSP_storage,2100,1014,0.13,,,
GlobalTechCapital,electricity,nuclear,Gen_III,1975,1768,0.13,,,
GlobalTechCapital,electricity,nuclear,Gen_III,1990,1768,0.13,,,
GlobalTechCapital,electricity,nuclear,Gen_III,2005,1768,0.13,,,
GlobalTechCapital,electricity,nuclear,Gen_III,2010,1768,0.13,,,
GlobalTechCapital,electricity,nuclear,Gen_III,2015,1717,0.13,,,
GlobalTechCapital,electricity,nuclear,Gen_III,2020,1681,0.13,,,
GlobalTechCapital,electricity,nuclear,Gen_III,2025,1629,0.13,,,
GlobalTechCapital,electricity,nuclear,Gen_III,2030,1591,0.13,,,
GlobalTechCapital,electricity,nuclear,Gen_III,2035,1548,0.13,,,
GlobalTechCapital,electricity,nuclear,Gen_III,2040,1504,0.13,,,
GlobalTechCapital,electricity,nuclear,Gen_III,2045,1462,0.13,,,
GlobalTechCapital,electricity,nuclear,Gen_III,2050,1408,0.13,,,
GlobalTechCapital,electricity,nuclear,Gen_III,2055,1387,0.13,,,
GlobalTechCapital,electricity,nuclear,Gen_III,2060,1366,0.13,,,
GlobalTechCapital,electricity,nuclear,Gen_III,2065,1346,0.13,,,
GlobalTechCapital,electricity,nuclear,Gen_III,2070,1326,0.13,,,
GlobalTechCapital,electricity,nuclear,Gen_III,2075,1306,0.13,,,
GlobalTechCapital,electricity,nuclear,Gen_III,2080,1287,0.13,,,
GlobalTechCapital,electricity,nuclear,Gen_III,2085,1268,0.13,,,
GlobalTechCapital,electricity,nuclear,Gen_III,2090,1249,0.13,,,
GlobalTechCapital,electricity,nuclear,Gen_III,2095,1230,0.13,,,
GlobalTechCapital,electricity,nuclear,Gen_III,2100,1212,0.13,,,
GlobalTechCapital,electricity,nuclear,Gen_II_LWR,1975,1704,0.13,,,
GlobalTechCapital,electricity,nuclear,Gen_II_LWR,1990,1704,0.13,,,
GlobalTechCapital,electricity,nuclear,Gen_II_LWR,2005,1704,0.13,,,
GlobalTechCapital,electricity,nuclear,Gen_II_LWR,2010,1704,0.13,,,
GlobalTechCapital,electricity,nuclear,Gen_II_LWR,2015,1704,0.13,,,
GlobalTechCapital,electricity,nuclear,Gen_II_LWR,2020,1673,0.13,,,
GlobalTechCapital,electricity,nuclear,Gen_II_LWR,2025,1621,0.13,,,
GlobalTechCapital,electricity,nuclear,Gen_II_LWR,2030,1583,0.13,,,
GlobalTechCapital,electricity,nuclear,Gen_II_LWR,2035,1540,0.13,,,
GlobalTechCapital,electricity,nuclear,Gen_II_LWR,2040,1497,0.13,,,
GlobalTechCapital,electricity,nuclear,Gen_II_LWR,2045,1455,0.13,,,
GlobalTechCapital,electricity,nuclear,Gen_II_LWR,2050,1402,0.13,,,
GlobalTechCapital,electricity,nuclear,Gen_II_LWR,2055,1704,0.13,,,
GlobalTechCapital,electricity,nuclear,Gen_II_LWR,2060,1704,0.13,,,
GlobalTechCapital,electricity,nuclear,Gen_II_LWR,2065,1704,0.13,,,
GlobalTechCapital,electricity,nuclear,Gen_II_LWR,2070,1704,0.13,,,
GlobalTechCapital,electricity,nuclear,Gen_II_LWR,2075,1704,0.13,,,
GlobalTechCapital,electricity,nuclear,Gen_II_LWR,2080,1704,0.13,,,
GlobalTechCapital,electricity,nuclear,Gen_II_LWR,2085,1704,0.13,,,
GlobalTechCapital,electricity,nuclear,Gen_II_LWR,2090,1704,0.13,,,
GlobalTechCapital,electricity,nuclear,Gen_II_LWR,2095,1704,0.13,,,
GlobalTechCapital,electricity,nuclear,Gen_II_LWR,2100,1704,0.13,,,
GlobalIntTechCapital,electricity,solar,PV,1975,667,0.13,,,
GlobalIntTechCapital,electricity,solar,PV,1990,667,0.13,,,
GlobalIntTechCapital,electricity,solar,PV,2005,667,0.13,,,
GlobalIntTechCapital,electricity,solar,PV,2010,667,0.13,,,
GlobalIntTechCapital,electricity,solar,PV,2015,667,0.13,,,
GlobalIntTechCapital,electricity,solar,PV,2020,345,0.13,,,
GlobalIntTechCapital,electricity,solar,PV,2025,311,0.13,,,
GlobalIntTechCapital,electricity,solar,PV,2030,277,0.13,,,
GlobalIntTechCapital,electricity,solar,PV,2035,262,0.13,,,
GlobalIntTechCapital,electricity,solar,PV,2040,246,0.13,,,
GlobalIntTechCapital,electricity,solar,PV,2045,233,0.13,,,
GlobalIntTechCapital,electricity,solar,PV,2050,220,0.13,,,
GlobalIntTechCapital,electricity,solar,PV,2055,119,0.13,,,
GlobalIntTechCapital,electricity,solar,PV,2060,119,0.13,,,
GlobalIntTechCapital,electricity,solar,PV,2065,119,0.13,,,
GlobalIntTechCapital,electricity,solar,PV,2070,119,0.13,,,
GlobalIntTechCapital,electricity,solar,PV,2075,119,0.13,,,
GlobalIntTechCapital,electricity,solar,PV,2080,119,0.13,,,
GlobalIntTechCapital,electricity,solar,PV,2085,119,0.13,,,
GlobalIntTechCapital,electricity,solar,PV,2090,119,0.13,,,
GlobalIntTechCapital,electricity,solar,PV,2095,119,0.13,,,
GlobalIntTechCapital,electricity,solar,PV,2100,119,0.13,,,
GlobalTechCapital,electricity,solar,PV_storage,1975,1363,0.13,,,
GlobalTechCapital,electricity,solar,PV_storage,1990,1363,0.13,,,
GlobalTechCapital,electricity,solar,PV_storage,2005,1363,0.13,,,
GlobalTechCapital,electricity,solar,PV_storage,2010,1109,0.13,,,
GlobalTechCapital,electricity,solar,PV_storage,2015,1108,0.13,,,
GlobalTechCapital,electricity,solar,PV_storage,2020,701,0.13,,,
GlobalTechCapital,electricity,solar,PV_storage,2025,579,0.13,,,
GlobalTechCapital,electricity,solar,PV_storage,2030,501,0.13,,,
GlobalTechCapital,electricity,solar,PV_storage,2035,472,0.13,,,
GlobalTechCapital,electricity,solar,PV_storage,2040,443,0.13,,,
GlobalTechCapital,electricity,solar,PV_storage,2045,415,0.13,,,
GlobalTechCapital,electricity,solar,PV_storage,2050,388,0.13,,,
GlobalTechCapital,electricity,solar,PV_storage,2055,363,0.13,,,
GlobalTechCapital,electricity,solar,PV_storage,2060,349,0.13,,,
GlobalTechCapital,electricity,solar,PV_storage,2065,340,0.13,,,
GlobalTechCapital,electricity,solar,PV_storage,2070,334,0.13,,,
GlobalTechCapital,electricity,solar,PV_storage,2075,329,0.13,,,
GlobalTechCapital,electricity,solar,PV_storage,2080,326,0.13,,,
GlobalTechCapital,electricity,solar,PV_storage,2085,324,0.13,,,
GlobalTechCapital,electricity,solar,PV_storage,2090,323,0.13,,,
GlobalTechCapital,electricity,solar,PV_storage,2095,322,0.13,,,
GlobalTechCapital,electricity,solar,PV_storage,2100,321,0.13,,,
GlobalTechCapital,electricity,biomass,biomass (IGCC CCS),1975,2742,0.13,,,
GlobalTechCapital,electricity,biomass,biomass (IGCC CCS),1990,2742,0.13,,,
GlobalTechCapital,electricity,biomass,biomass (IGCC CCS),2005,2742,0.13,,,
GlobalTechCapital,electricity,biomass,biomass (IGCC CCS),2010,2578,0.13,,,
GlobalTechCapital,electricity,biomass,biomass (IGCC CCS),2015,2339,0.13,,,
GlobalTechCapital,electricity,biomass,biomass (IGCC CCS),2020,2193,0.13,,,
GlobalTechCapital,electricity,biomass,biomass (IGCC CCS),2025,2063,0.13,,,
GlobalTechCapital,electricity,biomass,biomass (IGCC CCS),2030,1973,0.13,,,
GlobalTechCapital,electricity,biomass,biomass (IGCC CCS),2035,1892,0.13,,,
GlobalTechCapital,electricity,biomass,biomass (IGCC CCS),2040,1823,0.13,,,
GlobalTechCapital,electricity,biomass,biomass (IGCC CCS),2045,1769,0.13,,,
GlobalTechCapital,electricity,biomass,biomass (IGCC CCS),2050,1706,0.13,,,
GlobalTechCapital,electricity,biomass,biomass (IGCC CCS),2055,1683,0.13,,,
GlobalTechCapital,electricity,biomass,biomass (IGCC CCS),2060,1659,0.13,,,
GlobalTechCapital,electricity,biomass,biomass (IGCC CCS),2065,1636,0.13,,,
GlobalTechCapital,electricity,biomass,biomass (IGCC CCS),2070,1613,0.13,,,
GlobalTechCapital,electricity,biomass,biomass (IGCC CCS),2075,1591,0.13,,,
GlobalTechCapital,electricity,biomass,biomass (IGCC CCS),2080,1569,0.13,,,
GlobalTechCapital,electricity,biomass,biomass (IGCC CCS),2085,1547,0.13,,,
GlobalTechCapital,electricity,biomass,biomass (IGCC CCS),2090,1526,0.13,,,
GlobalTechCapital,electricity,biomass,biomass (IGCC CCS),2095,1504,0.13,,,
GlobalTechCapital,electricity,biomass,biomass (IGCC CCS),2100,1484,0.13,,,
GlobalTechCapital,electricity,biomass,biomass (IGCC),1975,1859,0.13,,,
GlobalTechCapital,electricity,biomass,biomass (IGCC),1990,1859,0.13,,,
GlobalTechCapital,electricity,biomass,biomass (IGCC),2005,1859,0.13,,,
GlobalTechCapital,electricity,biomass,biomass (IGCC),2010,1747,0.13,,,
GlobalTechCapital,electricity,biomass,biomass (IGCC),2015,1747,0.13,,,
GlobalTechCapital,electricity,biomass,biomass (IGCC),2020,1566,0.13,,,
GlobalTechCapital,electricity,biomass,biomass (IGCC),2025,1494,0.13,,,
GlobalTechCapital,electricity,biomass,biomass (IGCC),2030,1440,0.13,,,
GlobalTechCapital,electricity,biomass,biomass (IGCC),2035,1391,0.13,,,
GlobalTechCapital,electricity,biomass,biomass (IGCC),2040,1346,0.13,,,
GlobalTechCapital,electricity,biomass,biomass (IGCC),2045,1306,0.13,,,
GlobalTechCapital,electricity,biomass,biomass (IGCC),2050,1260,0.13,,,
GlobalTechCapital,electricity,biomass,biomass (IGCC),2055,1213,0.13,,,
GlobalTechCapital,electricity,biomass,biomass (IGCC),2060,1168,0.13,,,
GlobalTechCapital,electricity,biomass,biomass (IGCC),2065,1125,0.13,,,
GlobalTechCapital,electricity,biomass,biomass (IGCC),2070,1083,0.13,,,
GlobalTechCapital,electricity,biomass,biomass (IGCC),2075,1043,0.13,,,
GlobalTechCapital,electricity,biomass,biomass (IGCC),2080,1004,0.13,,,
GlobalTechCapital,electricity,biomass,biomass (IGCC),2085,966,0.13,,,
GlobalTechCapital,electricity,biomass,biomass (IGCC),2090,930,0.13,,,
GlobalTechCapital,electricity,biomass,biomass (IGCC),2095,896,0.13,,,
GlobalTechCapital,electricity,biomass,biomass (IGCC),2100,862,0.13,,,
GlobalTechCapital,electricity,biomass,biomass (conv CCS),1975,2386,0.13,,,
GlobalTechCapital,electricity,biomass,biomass (conv CCS),1990,2386,0.13,,,
GlobalTechCapital,electricity,biomass,biomass (conv CCS),2005,2386,0.13,,,
GlobalTechCapital,electricity,biomass,biomass (conv CCS),2010,2243,0.13,,,
GlobalTechCapital,electricity,biomass,biomass (conv CCS),2015,2243,0.13,,,
GlobalTechCapital,electricity,biomass,biomass (conv CCS),2020,1994,0.13,,,
GlobalTechCapital,electricity,biomass,biomass (conv CCS),2025,1894,0.13,,,
GlobalTechCapital,electricity,biomass,biomass (conv CCS),2030,1825,0.13,,,
GlobalTechCapital,electricity,biomass,biomass (conv CCS),2035,1763,0.13,,,
GlobalTechCapital,electricity,biomass,biomass (conv CCS),2040,1710,0.13,,,
GlobalTechCapital,electricity,biomass,biomass (conv CCS),2045,1665,0.13,,,
GlobalTechCapital,electricity,biomass,biomass (conv CCS),2050,1613,0.13,,,
GlobalTechCapital,electricity,biomass,biomass (conv CCS),2055,1592,0.13,,,
GlobalTechCapital,electricity,biomass,biomass (conv CCS),2060,1572,0.13,,,
GlobalTechCapital,electricity,biomass,biomass (conv CCS),2065,1552,0.13,,,
GlobalTechCapital,electricity,biomass,biomass (conv CCS),2070,1532,0.13,,,
GlobalTechCapital,electricity,biomass,biomass (conv CCS),2075,1512,0.13,,,
GlobalTechCapital,electricity,biomass,biomass (conv CCS),2080,1492,0.13,,,
GlobalTechCapital,electricity,biomass,biomass (conv CCS),2085,1473,0.13,,,
GlobalTechCapital,electricity,biomass,biomass (conv CCS),2090,1454,0.13,,,
GlobalTechCapital,electricity,biomass,biomass (conv CCS),2095,1436,0.13,,,
GlobalTechCapital,electricity,biomass,biomass (conv CCS),2100,1417,0.13,,,
GlobalTechCapital,electricity,biomass,biomass (conv),1975,1239,0.13,,,
GlobalTechCapital,electricity,biomass,biomass (conv),1990,1239,0.13,,,
GlobalTechCapital,electricity,biomass,biomass (conv),2005,1239,0.13,,,
GlobalTechCapital,electricity,biomass,biomass (conv),2010,1165,0.13,,,
GlobalTechCapital,electricity,biomass,biomass (conv),2015,1132,0.13,,,
GlobalTechCapital,electricity,biomass,biomass (conv),2020,1077,0.13,,,
GlobalTechCapital,electricity,biomass,biomass (conv),2025,1050,0.13,,,
GlobalTechCapital,electricity,biomass,biomass (conv),2030,1037,0.13,,,
GlobalTechCapital,electricity,biomass,biomass (conv),2035,1020,0.13,,,
GlobalTechCapital,electricity,biomass,biomass (conv),2040,1003,0.13,,,
GlobalTechCapital,electricity,biomass,biomass (conv),2045,988,0.13,,,
GlobalTechCapital,electricity,biomass,biomass (conv),2050,964,0.13,,,
GlobalTechCapital,electricity,biomass,biomass (conv),2055,964,0.13,,,
GlobalTechCapital,electricity,biomass,biomass (conv),2060,964,0.13,,,
GlobalTechCapital,electricity,biomass,biomass (conv),2065,964,0.13,,,
GlobalTechCapital,electricity,biomass,biomass (conv),2070,964,0.13,,,
GlobalTechCapital,electricity,biomass,biomass (conv),2075,964,0.13,,,
GlobalTechCapital,electricity,biomass,biomass (conv),2080,964,0.13,,,
GlobalTechCapital,electricity,biomass,biomass (conv),2085,964,0.13,,,
GlobalTechCapital,electricity,biomass,biomass (conv),2090,964,0.13,,,
GlobalTechCapital,electricity,biomass,biomass (conv),2095,964,0.13,,,
GlobalTechCapital,electricity,biomass,biomass (conv),2100,964,0.13,,,
GlobalTechCapital,electricity,coal,coal (IGCC CCS),1975,2408,0.13,,,
GlobalTechCapital,electricity,coal,coal (IGCC CCS),1990,2408,0.13,,,
GlobalTechCapital,electricity,coal,coal (IGCC CCS),2005,2408,0.13,,,
GlobalTechCapital,electricity,coal,coal (IGCC CCS),2010,2408,0.13,,,
GlobalTechCapital,electricity,coal,coal (IGCC CCS),2015,2339,0.13,,,
GlobalTechCapital,electricity,coal,coal (IGCC CCS),2020,2193,0.13,,,
GlobalTechCapital,electricity,coal,coal (IGCC CCS),2025,2063,0.13,,,
GlobalTechCapital,electricity,coal,coal (IGCC CCS),2030,1973,0.13,,,
GlobalTechCapital,electricity,coal,coal (IGCC CCS),2035,1892,0.13,,,
GlobalTechCapital,electricity,coal,coal (IGCC CCS),2040,1823,0.13,,,
GlobalTechCapital,electricity,coal,coal (IGCC CCS),2045,1769,0.13,,,
GlobalTechCapital,electricity,coal,coal (IGCC CCS),2050,1706,0.13,,,
GlobalTechCapital,electricity,coal,coal (IGCC CCS),2055,1672,0.13,,,
GlobalTechCapital,electricity,coal,coal (IGCC CCS),2060,1639,0.13,,,
GlobalTechCapital,electricity,coal,coal (IGCC CCS),2065,1606,0.13,,,
GlobalTechCapital,electricity,coal,coal (IGCC CCS),2070,1574,0.13,,,
GlobalTechCapital,electricity,coal,coal (IGCC CCS),2075,1542,0.13,,,
GlobalTechCapital,electricity,coal,coal (IGCC CCS),2080,1511,0.13,,,
GlobalTechCapital,electricity,coal,coal (IGCC CCS),2085,1481,0.13,,,
GlobalTechCapital,electricity,coal,coal (IGCC CCS),2090,1452,0.13,,,
GlobalTechCapital,electricity,coal,coal (IGCC CCS),2095,1423,0.13,,,
GlobalTechCapital,electricity,coal,coal (IGCC CCS),2100,1394,0.13,,,
GlobalTechCapital,electricity,coal,coal (IGCC),1975,1239,0.13,,,
GlobalTechCapital,electricity,coal,coal (IGCC),1990,1239,0.13,,,
GlobalTechCapital,electricity,coal,coal (IGCC),2005,1239,0.13,,,
GlobalTechCapital,electricity,coal,coal (IGCC),2010,1156,0.13,,,
GlobalTechCapital,electricity,coal,coal (IGCC),2015,1123,0.13,,,
GlobalTechCapital,electricity,coal,coal (IGCC),2020,1093,0.13,,,
GlobalTechCapital,electricity,coal,coal (IGCC),2025,1039,0.13,,,
GlobalTechCapital,electricity,coal,coal (IGCC),2030,1010,0.13,,,
GlobalTechCapital,electricity,coal,coal (IGCC),2035,987,0.13,,,
GlobalTechCapital,electricity,coal,coal (IGCC),2040,967,0.13,,,
GlobalTechCapital,electricity,coal,coal (IGCC),2045,951,0.13,,,
GlobalTechCapital,electricity,coal,coal (IGCC),2050,926,0.13,,,
GlobalTechCapital,electricity,coal,coal (IGCC),2055,914,0.13,,,
GlobalTechCapital,electricity,coal,coal (IGCC),2060,903,0.13,,,
GlobalTechCapital,electricity,coal,coal (IGCC),2065,891,0.13,,,
GlobalTechCapital,electricity,coal,coal (IGCC),2070,880,0.13,,,
GlobalTechCapital,electricity,coal,coal (IGCC),2075,869,0.13,,,
GlobalTechCapital,electricity,coal,coal (IGCC),2080,858,0.13,,,
GlobalTechCapital,electricity,coal,coal (IGCC),2085,847,0.13,,,
GlobalTechCapital,electricity,coal,coal (IGCC),2090,837,0.13,,,
GlobalTechCapital,electricity,coal,coal (IGCC),2095,826,0.13,,,
GlobalTechCapital,electricity,coal,coal (IGCC),2100,816,0.13,,,
GlobalTechCapital,electricity,coal,coal (conv pul CCS),1975,1797,0.13,,,
GlobalTechCapital,electricity,coal,coal (conv pul CCS),1990,1797,0.13,,,
GlobalTechCapital,electricity,coal,coal (conv pul CCS),2005,1797,0.13,,,
GlobalTechCapital,electricity,coal,coal (conv pul CCS),2010,1633,0.13,,,
GlobalTechCapital,electricity,coal,coal (conv pul CCS),2015,1586,0.13,,,
GlobalTechCapital,electricity,coal,coal (conv pul CCS),2020,1556,0.13,,,
GlobalTechCapital,electricity,coal,coal (conv pul CCS),2025,1382,0.13,,,
GlobalTechCapital,electricity,coal,coal (conv pul CCS),2030,1067,0.13,,,
GlobalTechCapital,electricity,coal,coal (conv pul CCS),2035,905,0.13,,,
GlobalTechCapital,electricity,coal,coal (conv pul CCS),2040,750,0.13,,,
GlobalTechCapital,electricity,coal,coal (conv pul CCS),2045,629,0.13,,,
GlobalTechCapital,electricity,coal,coal (conv pul CCS),2050,629,0.13,,,
GlobalTechCapital,electricity,coal,coal (conv pul CCS),2055,1321,0.13,,,
GlobalTechCapital,electricity,coal,coal (conv pul CCS),2060,1309,0.13,,,
GlobalTechCapital,electricity,coal,coal (conv pul CCS),2065,1298,0.13,,,
GlobalTechCapital,electricity,coal,coal (conv pul CCS),2070,1286,0.13,,,
GlobalTechCapital,electricity,coal,coal (conv pul CCS),2075,1274,0.13,,,
GlobalTechCapital,electricity,coal,coal (conv pul CCS),2080,1263,0.13,,,
GlobalTechCapital,electricity,coal,coal (conv pul CCS),2085,1252,0.13,,,
GlobalTechCapital,electricity,coal,coal (conv pul CCS),2090,1240,0.13,,,
GlobalTechCapital,electricity,coal,coal (conv pul CCS),2095,1229,0.13,,,
GlobalTechCapital,electricity,coal,coal (conv pul CCS),2100,1218,0.13,,,
GlobalTechCapital,electricity,coal,coal (conv pul),1975,1058,0.13,,,
GlobalTechCapital,electricity,coal,coal (conv pul),1990,1058,0.13,,,
GlobalTechCapital,electricity,coal,coal (conv pul),2005,1058,0.13,,,
GlobalTechCapital,electricity,coal,coal (conv pul),2010,1058,0.13,,,
GlobalTechCapital,electricity,coal,coal (conv pul),2015,1000,0.13,,,
GlobalTechCapital,electricity,coal,coal (conv pul),2020,900,0.13,,,
GlobalTechCapital,electricity,coal,coal (conv pul),2025,800,0.13,,,
GlobalTechCapital,electricity,coal,coal (conv pul),2030,700,0.13,,,
GlobalTechCapital,electricity,coal,coal (conv pul),2035,600,0.13,,,
GlobalTechCapital,electricity,coal,coal (conv pul),2040,500,0.13,,,
GlobalTechCapital,electricity,coal,coal (conv pul),2045,450,0.13,,,
GlobalTechCapital,electricity,coal,coal (conv pul),2050,419,0.13,,,
GlobalTechCapital,electricity,coal,coal (conv pul),2055,926,0.13,,,
GlobalTechCapital,electricity,coal,coal (conv pul),2060,500,0.13,,,
GlobalTechCapital,electricity,coal,coal (conv pul),2065,500,0.13,,,
GlobalTechCapital,electricity,coal,coal (conv pul),2070,500,0.13,,,
GlobalTechCapital,electricity,coal,coal (conv pul),2075,500,0.13,,,
GlobalTechCapital,electricity,coal,coal (conv pul),2080,500,0.13,,,
GlobalTechCapital,electricity,coal,coal (conv pul),2085,500,0.13,,,
GlobalTechCapital,electricity,coal,coal (conv pul),2090,500,0.13,,,
GlobalTechCapital,electricity,coal,coal (conv pul),2095,500,0.13,,,
GlobalTechCapital,electricity,coal,coal (conv pul),2100,500,0.13,,,
GlobalTechCapital,electricity,gas,gas (CC CCS),1975,651,0.13,,,
GlobalTechCapital,electricity,gas,gas (CC CCS),1990,651,0.13,,,
GlobalTechCapital,electricity,gas,gas (CC CCS),2005,651,0.13,,,
GlobalTechCapital,electricity,gas,gas (CC CCS),2010,639,0.13,,,
GlobalTechCapital,electricity,gas,gas (CC CCS),2015,621,0.13,,,
GlobalTechCapital,electricity,gas,gas (CC CCS),2020,602,0.13,,,
GlobalTechCapital,electricity,gas,gas (CC CCS),2025,562,0.13,,,
GlobalTechCapital,electricity,gas,gas (CC CCS),2030,538,0.13,,,
GlobalTechCapital,electricity,gas,gas (CC CCS),2035,518,0.13,,,
GlobalTechCapital,electricity,gas,gas (CC CCS),2040,502,0.13,,,
GlobalTechCapital,electricity,gas,gas (CC CCS),2045,487,0.13,,,
GlobalTechCapital,electricity,gas,gas (CC CCS),2050,467,0.13,,,
GlobalTechCapital,electricity,gas,gas (CC CCS),2055,461,0.13,,,
GlobalTechCapital,electricity,gas,gas (CC CCS),2060,454,0.13,,,
GlobalTechCapital,electricity,gas,gas (CC CCS),2065,448,0.13,,,
GlobalTechCapital,electricity,gas,gas (CC CCS),2070,441,0.13,,,
GlobalTechCapital,electricity,gas,gas (CC CCS),2075,435,0.13,,,
GlobalTechCapital,electricity,gas,gas (CC CCS),2080,429,0.13,,,
GlobalTechCapital,electricity,gas,gas (CC CCS),2085,422,0.13,,,
GlobalTechCapital,electricity,gas,gas (CC CCS),2090,416,0.13,,,
GlobalTechCapital,electricity,gas,gas (CC CCS),2095,410,0.13,,,
GlobalTechCapital,electricity,gas,gas (CC CCS),2100,404,0.13,,,
GlobalTechCapital,electricity,gas,gas (CC),1975,320,0.13,,,
GlobalTechCapital,electricity,gas,gas (CC),1990,320,0.13,,,
GlobalTechCapital,electricity,gas,gas (CC),2005,240,0.13,,,
GlobalTechCapital,electricity,gas,gas (CC),2010,240,0.13,,,
GlobalTechCapital,electricity,gas,gas (CC),2015,222,0.13,,,
GlobalTechCapital,electricity,gas,gas (CC),2020,222,0.13,,,
GlobalTechCapital,electricity,gas,gas (CC),2025,222,0.13,,,
GlobalTechCapital,electricity,gas,gas (CC),2030,222,0.13,,,
GlobalTechCapital,electricity,gas,gas (CC),2035,222,0.13,,,
GlobalTechCapital,electricity,gas,gas (CC),2040,222,0.13,,,
GlobalTechCapital,electricity,gas,gas (CC),2045,222,0.13,,,
GlobalTechCapital,electricity,gas,gas (CC),2050,222,0.13,,,
GlobalTechCapital,electricity,gas,gas (CC),2055,222,0.13,,,
GlobalTechCapital,electricity,gas,gas (CC),2060,222,0.13,,,
GlobalTechCapital,electricity,gas,gas (CC),2065,222,0.13,,,
GlobalTechCapital,electricity,gas,gas (CC),2070,222,0.13,,,
GlobalTechCapital,electricity,gas,gas (CC),2075,222,0.13,,,
GlobalTechCapital,electricity,gas,gas (CC),2080,222,0.13,,,
GlobalTechCapital,electricity,gas,gas (CC),2085,222,0.13,,,
GlobalTechCapital,electricity,gas,gas (CC),2090,222,0.13,,,
GlobalTechCapital,electricity,gas,gas (CC),2095,222,0.13,,,
GlobalTechCapital,electricity,gas,gas (CC),2100,222,0.13,,,
GlobalTechCapital,electricity,gas,gas (steam/CT),1975,246,0.13,,,
GlobalTechCapital,electricity,gas,gas (steam/CT),1990,246,0.13,,,
GlobalTechCapital,electricity,gas,gas (steam/CT),2005,246,0.13,,,
GlobalTechCapital,electricity,gas,gas (steam/CT),2010,246,0.13,,,
GlobalTechCapital,electricity,gas,gas (steam/CT),2015,230,0.13,,,
GlobalTechCapital,electricity,gas,gas (steam/CT),2020,222,0.13,,,
GlobalTechCapital,electricity,gas,gas (steam/CT),2025,222,0.13,,,
GlobalTechCapital,electricity,gas,gas (steam/CT),2030,222,0.13,,,
GlobalTechCapital,electricity,gas,gas (steam/CT),2035,222,0.13,,,
GlobalTechCapital,electricity,gas,gas (steam/CT),2040,222,0.13,,,
GlobalTechCapital,electricity,gas,gas (steam/CT),2045,222,0.13,,,
GlobalTechCapital,electricity,gas,gas (steam/CT),2050,222,0.13,,,
GlobalTechCapital,electricity,gas,gas (steam/CT),2055,216,0.13,,,
GlobalTechCapital,electricity,gas,gas (steam/CT),2060,215,0.13,,,
GlobalTechCapital,electricity,gas,gas (steam/CT),2065,214,0.13,,,
GlobalTechCapital,electricity,gas,gas (steam/CT),2070,213,0.13,,,
GlobalTechCapital,electricity,gas,gas (steam/CT),2075,212,0.13,,,
GlobalTechCapital,electricity,gas,gas (steam/CT),2080,211,0.13,,,
GlobalTechCapital,electricity,gas,gas (steam/CT),2085,210,0.13,,,
GlobalTechCapital,electricity,gas,gas (steam/CT),2090,209,0.13,,,
GlobalTechCapital,electricity,gas,gas (steam/CT),2095,208,0.13,,,
GlobalTechCapital,electricity,gas,gas (steam/CT),2100,207,0.13,,,
GlobalTechCapital,electricity,geothermal,geothermal,1975,1363,0.13,,,
GlobalTechCapital,electricity,geothermal,geothermal,1990,1363,0.13,,,
GlobalTechCapital,electricity,geothermal,geothermal,2005,1363,0.13,,,
GlobalTechCapital,electricity,geothermal,geothermal,2010,1335,0.13,,,
GlobalTechCapital,electricity,geothermal,geothermal,2015,1335,0.13,,,
GlobalTechCapital,electricity,geothermal,geothermal,2020,1187,0.13,,,
GlobalTechCapital,electricity,geothermal,geothermal,2025,1157,0.13,,,
GlobalTechCapital,electricity,geothermal,geothermal,2030,1129,0.13,,,
GlobalTechCapital,electricity,geothermal,geothermal,2035,1101,0.13,,,
GlobalTechCapital,electricity,geothermal,geothermal,2040,1074,0.13,,,
GlobalTechCapital,electricity,geothermal,geothermal,2045,1047,0.13,,,
GlobalTechCapital,electricity,geothermal,geothermal,2050,1021,0.13,,,
GlobalTechCapital,electricity,geothermal,geothermal,2055,1006,0.13,,,
GlobalTechCapital,electricity,geothermal,geothermal,2060,991,0.13,,,
GlobalTechCapital,electricity,geothermal,geothermal,2065,976,0.13,,,
GlobalTechCapital,electricity,geothermal,geothermal,2070,961,0.13,,,
GlobalTechCapital,electricity,geothermal,geothermal,2075,946,0.13,,,
GlobalTechCapital,electricity,geothermal,geothermal,2080,932,0.13,,,
GlobalTechCapital,electricity,geothermal,geothermal,2085,918,0.13,,,
GlobalTechCapital,electricity,geothermal,geothermal,2090,904,0.13,,,
GlobalTechCapital,electricity,geothermal,geothermal,2095,891,0.13,,,
GlobalTechCapital,electricity,geothermal,geothermal,2100,877,0.13,,,
GlobalTechCapital,electricity,refined liquids,refined liquids (CC CCS),1975,774,0.13,,,
GlobalTechCapital,electricity,refined liquids,refined liquids (CC CCS),1990,774,0.13,,,
GlobalTechCapital,electricity,refined liquids,refined liquids (CC CCS),2005,774,0.13,,,
GlobalTechCapital,electricity,refined liquids,refined liquids (CC CCS),2010,761,0.13,,,
GlobalTechCapital,electricity,refined liquids,refined liquids (CC CCS),2015,761,0.13,,,
GlobalTechCapital,electricity,refined liquids,refined liquids (CC CCS),2020,712,0.13,,,
GlobalTechCapital,electricity,refined liquids,refined liquids (CC CCS),2025,661,0.13,,,
GlobalTechCapital,electricity,refined liquids,refined liquids (CC CCS),2030,631,0.13,,,
GlobalTechCapital,electricity,refined liquids,refined liquids (CC CCS),2035,605,0.13,,,
GlobalTechCapital,electricity,refined liquids,refined liquids (CC CCS),2040,583,0.13,,,
GlobalTechCapital,electricity,refined liquids,refined liquids (CC CCS),2045,565,0.13,,,
GlobalTechCapital,electricity,refined liquids,refined liquids (CC CCS),2050,541,0.13,,,
GlobalTechCapital,electricity,refined liquids,refined liquids (CC CCS),2055,534,0.13,,,
GlobalTechCapital,electricity,refined liquids,refined liquids (CC CCS),2060,526,0.13,,,
GlobalTechCapital,electricity,refined liquids,refined liquids (CC CCS),2065,518,0.13,,,
GlobalTechCapital,electricity,refined liquids,refined liquids (CC CCS),2070,511,0.13,,,
GlobalTechCapital,electricity,refined liquids,refined liquids (CC CCS),2075,504,0.13,,,
GlobalTechCapital,electricity,refined liquids,refined liquids (CC CCS),2080,496,0.13,,,
GlobalTechCapital,electricity,refined liquids,refined liquids (CC CCS),2085,489,0.13,,,
GlobalTechCapital,electricity,refined liquids,refined liquids (CC CCS),2090,482,0.13,,,
GlobalTechCapital,electricity,refined liquids,refined liquids (CC CCS),2095,475,0.13,,,
GlobalTechCapital,electricity,refined liquids,refined liquids (CC CCS),2100,469,0.13,,,
GlobalTechCapital,electricity,refined liquids,refined liquids (CC),1975,325,0.13,,,
GlobalTechCapital,electricity,refined liquids,refined liquids (CC),1990,325,0.13,,,
GlobalTechCapital,electricity,refined liquids,refined liquids (CC),2005,325,0.13,,,
GlobalTechCapital,electricity,refined liquids,refined liquids (CC),2010,288,0.13,,,
GlobalTechCapital,electricity,refined liquids,refined liquids (CC),2015,288,0.13,,,
GlobalTechCapital,electricity,refined liquids,refined liquids (CC),2020,245,0.13,,,
GlobalTechCapital,electricity,refined liquids,refined liquids (CC),2025,235,0.13,,,
GlobalTechCapital,electricity,refined liquids,refined liquids (CC),2030,229,0.13,,,
GlobalTechCapital,electricity,refined liquids,refined liquids (CC),2035,225,0.13,,,
GlobalTechCapital,electricity,refined liquids,refined liquids (CC),2040,222,0.13,,,
GlobalTechCapital,electricity,refined liquids,refined liquids (CC),2045,220,0.13,,,
GlobalTechCapital,electricity,refined liquids,refined liquids (CC),2050,215,0.13,,,
GlobalTechCapital,electricity,refined liquids,refined liquids (CC),2055,214,0.13,,,
GlobalTechCapital,electricity,refined liquids,refined liquids (CC),2060,211,0.13,,,
GlobalTechCapital,electricity,refined liquids,refined liquids (CC),2065,208,0.13,,,
GlobalTechCapital,electricity,refined liquids,refined liquids (CC),2070,205,0.13,,,
GlobalTechCapital,electricity,refined liquids,refined liquids (CC),2075,202,0.13,,,
GlobalTechCapital,electricity,refined liquids,refined liquids (CC),2080,200,0.13,,,
GlobalTechCapital,electricity,refined liquids,refined liquids (CC),2085,197,0.13,,,
GlobalTechCapital,electricity,refined liquids,refined liquids (CC),2090,194,0.13,,,
GlobalTechCapital,electricity,refined liquids,refined liquids (CC),2095,192,0.13,,,
GlobalTechCapital,electricity,refined liquids,refined liquids (CC),2100,189,0.13,,,
GlobalTechCapital,electricity,refined liquids,refined liquids (steam/CT),1975,246,0.13,,,
GlobalTechCapital,electricity,refined liquids,refined liquids (steam/CT),1990,246,0.13,,,
GlobalTechCapital,electricity,refined liquids,refined liquids (steam/CT),2005,246,0.13,,,
GlobalTechCapital,electricity,refined liquids,refined liquids (steam/CT),2010,246,0.13,,,
GlobalTechCapital,electricity,refined liquids,refined liquids (steam/CT),2015,246,0.13,,,
GlobalTechCapital,electricity,refined liquids,refined liquids (steam/CT),2020,245,0.13,,,
GlobalTechCapital,electricity,refined liquids,refined liquids (steam/CT),2025,235,0.13,,,
GlobalTechCapital,electricity,refined liquids,refined liquids (steam/CT),2030,229,0.13,,,
GlobalTechCapital,electricity,refined liquids,refined liquids (steam/CT),2035,225,0.13,,,
GlobalTechCapital,electricity,refined liquids,refined liquids (steam/CT),2040,222,0.13,,,
GlobalTechCapital,electricity,refined liquids,refined liquids (steam/CT),2045,220,0.13,,,
GlobalTechCapital,electricity,refined liquids,refined liquids (steam/CT),2050,215,0.13,,,
GlobalTechCapital,electricity,refined liquids,refined liquids (steam/CT),2055,216,0.13,,,
GlobalTechCapital,electricity,refined liquids,refined liquids (steam/CT),2060,215,0.13,,,
GlobalTechCapital,electricity,refined liquids,refined liquids (steam/CT),2065,214,0.13,,,
GlobalTechCapital,electricity,refined liquids,refined liquids (steam/CT),2070,213,0.13,,,
GlobalTechCapital,electricity,refined liquids,refined liquids (steam/CT),2075,212,0.13,,,
GlobalTechCapital,electricity,refined liquids,refined liquids (steam/CT),2080,211,0.13,,,
GlobalTechCapital,electricity,refined liquids,refined liquids (steam/CT),2085,210,0.13,,,
GlobalTechCapital,electricity,refined liquids,refined liquids (steam/CT),2090,209,0.13,,,
GlobalTechCapital,electricity,refined liquids,refined liquids (steam/CT),2095,208,0.13,,,
GlobalTechCapital,electricity,refined liquids,refined liquids (steam/CT),2100,207,0.13,,,
GlobalIntTechCapital,electricity,wind,wind,1975,750,0.13,,,
GlobalIntTechCapital,electricity,wind,wind,1990,600,0.13,,,
GlobalIntTechCapital,electricity,wind,wind,2005,550,0.13,,,
GlobalIntTechCapital,electricity,wind,wind,2010,550,0.13,,,
GlobalIntTechCapital,electricity,wind,wind,2015,451,0.13,,,
GlobalIntTechCapital,electricity,wind,wind,2020,414,0.13,,,
GlobalIntTechCapital,electricity,wind,wind,2025,377,0.13,,,
GlobalIntTechCapital,electricity,wind,wind,2030,339,0.13,,,
GlobalIntTechCapital,electricity,wind,wind,2035,323,0.13,,,
GlobalIntTechCapital,electricity,wind,wind,2040,307,0.13,,,
GlobalIntTechCapital,electricity,wind,wind,2045,291,0.13,,,
GlobalIntTechCapital,electricity,wind,wind,2050,274,0.13,,,
GlobalIntTechCapital,electricity,wind,wind,2055,437,0.13,,,
GlobalIntTechCapital,electricity,wind,wind,2060,437,0.13,,,
GlobalIntTechCapital,electricity,wind,wind,2065,437,0.13,,,
GlobalIntTechCapital,electricity,wind,wind,2070,437,0.13,,,
GlobalIntTechCapital,electricity,wind,wind,2075,437,0.13,,,
GlobalIntTechCapital,electricity,wind,wind,2080,437,0.13,,,
GlobalIntTechCapital,electricity,wind,wind,2085,437,0.13,,,
GlobalIntTechCapital,electricity,wind,wind,2090,437,0.13,,,
GlobalIntTechCapital,electricity,wind,wind,2095,437,0.13,,,
GlobalIntTechCapital,electricity,wind,wind,2100,437,0.13,,,
GlobalIntTechCapital,electricity,wind,wind_offshore,1975,750,0.13,,,
GlobalIntTechCapital,electricity,wind,wind_offshore,1990,2000,0.13,,,
GlobalIntTechCapital,electricity,wind,wind_offshore,2005,1500,0.13,,,
GlobalIntTechCapital,electricity,wind,wind_offshore,2010,1000,0.13,,,
GlobalIntTechCapital,electricity,wind,wind_offshore,2015,1035,0.13,,,
GlobalIntTechCapital,electricity,wind,wind_offshore,2020,794,0.13,,,
GlobalIntTechCapital,electricity,wind,wind_offshore,2025,674,0.13,,,
GlobalIntTechCapital,electricity,wind,wind_offshore,2030,573,0.13,,,
GlobalIntTechCapital,electricity,wind,wind_offshore,2035,487,0.13,,,
GlobalIntTechCapital,electricity,wind,wind_offshore,2040,413,0.13,,,
GlobalIntTechCapital,electricity,wind,wind_offshore,2045,351,0.13,,,
GlobalIntTechCapital,electricity,wind,wind_offshore,2050,299,0.13,,,
GlobalIntTechCapital,electricity,wind,wind_offshore,2055,437,0.13,,,
GlobalIntTechCapital,electricity,wind,wind_offshore,2060,437,0.13,,,
GlobalIntTechCapital,electricity,wind,wind_offshore,2065,437,0.13,,,
GlobalIntTechCapital,electricity,wind,wind_offshore,2070,437,0.13,,,
GlobalIntTechCapital,electricity,wind,wind_offshore,2075,437,0.13,,,
GlobalIntTechCapital,electricity,wind,wind_offshore,2080,437,0.13,,,
GlobalIntTechCapital,electricity,wind,wind_offshore,2085,437,0.13,,,
GlobalIntTechCapital,electricity,wind,wind_offshore,2090,437,0.13,,,
GlobalIntTechCapital,electricity,wind,wind_offshore,2095,437,0.13,,,
GlobalIntTechCapital,electricity,wind,wind_offshore,2100,437,0.13,,,
GlobalTechCapital,electricity,wind,wind_storage,1975,1473,0.13,,,
GlobalTechCapital,electricity,wind,wind_storage,1990,1191,0.13,,,
GlobalTechCapital,electricity,wind,wind_storage,2005,916,0.13,,,
GlobalTechCapital,electricity,wind,wind_storage,2010,893,0.13,,,
GlobalTechCapital,electricity,wind,wind_storage,2015,893,0.13,,,
GlobalTechCapital,electricity,wind,wind_storage,2020,766,0.13,,,
GlobalTechCapital,electricity,wind,wind_storage,2025,642,0.13,,,
GlobalTechCapital,electricity,wind,wind_storage,2030,561,0.13,,,
GlobalTechCapital,electricity,wind,wind_storage,2035,531,0.13,,,
GlobalTechCapital,electricity,wind,wind_storage,2040,501,0.13,,,
GlobalTechCapital,electricity,wind,wind_storage,2045,471,0.13,,,
GlobalTechCapital,electricity,wind,wind_storage,2050,440,0.13,,,
GlobalTechCapital,electricity,wind,wind_storage,2055,426,0.13,,,
GlobalTechCapital,electricity,wind,wind_storage,2060,410,0.13,,,
GlobalTechCapital,electricity,wind,wind_storage,2065,395,0.13,,,
GlobalTechCapital,electricity,wind,wind_storage,2070,381,0.13,,,
GlobalTechCapital,electricity,wind,wind_storage,2075,367,0.13,,,
GlobalTechCapital,electricity,wind,wind_storage,2080,353,0.13,,,
GlobalTechCapital,electricity,wind,wind_storage,2085,340,0.13,,,
GlobalTechCapital,electricity,wind,wind_storage,2090,328,0.13,,,
GlobalTechCapital,electricity,wind,wind_storage,2095,316,0.13,,,
GlobalTechCapital,electricity,wind,wind_storage,2100,304,0.13,,,
elecS_costs_Kor_ptc,intermediate generation,biomass,biomass_int_conv,2020,,,,,
elecS_costs_Kor_ptc,intermediate generation,biomass,biomass_int_conv,2025,,,,,
elecS_costs_Kor_ptc,intermediate generation,biomass,biomass_int_conv,2030,,,,,
elecS_costs_Kor_ptc,intermediate generation,biomass,biomass_int_conv,2035,,,,,
elecS_costs_Kor_ptc,intermediate generation,biomass,biomass_int_conv,2040,,,,,
elecS_costs_Kor_ptc,intermediate generation,biomass,biomass_int_conv,2045,,,,,
elecS_costs_Kor_ptc,intermediate generation,biomass,biomass_int_conv,2050,,,,,
elecS_costs_Kor_ptc,intermediate generation,biomass,biomass_int_conv,2055,,,,,
elecS_costs_Kor_ptc,intermediate generation,biomass,biomass_int_conv,2060,,,,,
elecS_costs_Kor_ptc,intermediate generation,biomass,biomass_int_conv,2065,,,,,
elecS_costs_Kor_ptc,intermediate generation,biomass,biomass_int_conv,2070,,,,,
elecS_costs_Kor_ptc,intermediate generation,biomass,biomass_int_conv,2075,,,,,
elecS_costs_Kor_ptc,intermediate generation,biomass,biomass_int_conv,2080,,,,,
elecS_costs_Kor_ptc,intermediate generation,biomass,biomass_int_conv,2085,,,,,
elecS_costs_Kor_ptc,intermediate generation,biomass,biomass_int_conv,2090,,,,,
elecS_costs_Kor_ptc,intermediate generation,biomass,biomass_int_conv,2095,,,,,
elecS_costs_Kor_ptc,intermediate generation,biomass,biomass_int_conv,2100,,,,,
elecS_costs_Kor_ptc,intermediate generation,geothermal,geo_int,2020,,,,,
elecS_costs_Kor_ptc,intermediate generation,geothermal,geo_int,2025,,,,,
elecS_costs_Kor_ptc,intermediate generation,geothermal,geo_int,2030,,,,,
elecS_costs_Kor_ptc,intermediate generation,geothermal,geo_int,2035,,,,,
elecS_costs_Kor_ptc,intermediate generation,geothermal,geo_int,2040,,,,,
elecS_costs_Kor_ptc,intermediate generation,geothermal,geo_int,2045,,,,,
elecS_costs_Kor_ptc,intermediate generation,geothermal,geo_int,2050,,,,,
elecS_costs_Kor_ptc,intermediate generation,geothermal,geo_int,2055,,,,,
elecS_costs_Kor_ptc,intermediate generation,geothermal,geo_int,2060,,,,,
elecS_costs_Kor_ptc,intermediate generation,geothermal,geo_int,2065,,,,,
elecS_costs_Kor_ptc,intermediate generation,geothermal,geo_int,2070,,,,,
elecS_costs_Kor_ptc,intermediate generation,geothermal,geo_int,2075,,,,,
elecS_costs_Kor_ptc,intermediate generation,geothermal,geo_int,2080,,,,,
elecS_costs_Kor_ptc,intermediate generation,geothermal,geo_int,2085,,,,,
elecS_costs_Kor_ptc,intermediate generation,geothermal,geo_int,2090,,,,,
elecS_costs_Kor_ptc,intermediate generation,geothermal,geo_int,2095,,,,,
elecS_costs_Kor_ptc,intermediate generation,geothermal,geo_int,2100,,,,,
elecS_costs_Kor_ptc,intermediate generation,wind,wind_int,2020,,,,,
elecS_costs_Kor_ptc,intermediate generation,wind,wind_int,2025,,,,,
elecS_costs_Kor_ptc,intermediate generation,wind,wind_int,2030,,,,,
elecS_costs_Kor_ptc,intermediate generation,wind,wind_int,2035,,,,,
elecS_costs_Kor_ptc,intermediate generation,wind,wind_int,2040,,,,,
elecS_costs_Kor_ptc,intermediate generation,wind,wind_int,2045,,,,,
elecS_costs_Kor_ptc,intermediate generation,wind,wind_int,2050,,,,,
elecS_costs_Kor_ptc,intermediate generation,wind,wind_int,2055,,,,,
elecS_costs_Kor_ptc,intermediate generation,wind,wind_int,2060,,,,,
elecS_costs_Kor_ptc,intermediate generation,wind,wind_int,2065,,,,,
elecS_costs_Kor_ptc,intermediate generation,wind,wind_int,2070,,,,,
elecS_costs_Kor_ptc,intermediate generation,wind,wind_int,2075,,,,,
elecS_costs_Kor_ptc,intermediate generation,wind,wind_int,2080,,,,,
elecS_costs_Kor_ptc,intermediate generation,wind,wind_int,2085,,,,,
elecS_costs_Kor_ptc,intermediate generation,wind,wind_int,2090,,,,,
elecS_costs_Kor_ptc,intermediate generation,wind,wind_int,2095,,,,,
elecS_costs_Kor_ptc,intermediate generation,wind,wind_int,2100,,,,,
elecS_costs_Kor_ptc,intermediate generation,wind,wind_int_storage,2020,,,,,
elecS_costs_Kor_ptc,intermediate generation,wind,wind_int_storage,2025,,,,,
elecS_costs_Kor_ptc,intermediate generation,wind,wind_int_storage,2030,,,,,
elecS_costs_Kor_ptc,intermediate generation,wind,wind_int_storage,2035,,,,,
elecS_costs_Kor_ptc,intermediate generation,wind,wind_int_storage,2040,,,,,
elecS_costs_Kor_ptc,intermediate generation,wind,wind_int_storage,2045,,,,,
elecS_costs_Kor_ptc,intermediate generation,wind,wind_int_storage,2050,,,,,
elecS_costs_Kor_ptc,intermediate generation,wind,wind_int_storage,2055,,,,,
elecS_costs_Kor_ptc,intermediate generation,wind,wind_int_storage,2060,,,,,
elecS_costs_Kor_ptc,intermediate generation,wind,wind_int_storage,2065,,,,,
elecS_costs_Kor_ptc,intermediate generation,wind,wind_int_storage,2070,,,,,
elecS_costs_Kor_ptc,intermediate generation,wind,wind_int_storage,2075,,,,,
elecS_costs_Kor_ptc,intermediate generation,wind,wind_int_storage,2080,,,,,
elecS_costs_Kor_ptc,intermediate generation,wind,wind_int_storage,2085,,,,,
elecS_costs_Kor_ptc,intermediate generation,wind,wind_int_storage,2090,,,,,
elecS_costs_Kor_ptc,intermediate generation,wind,wind_int_storage,2095,,,,,
elecS_costs_Kor_ptc,intermediate generation,wind,wind_int_storage,2100,,,,,
elecS_costs_Kor_ptc,peak generation,biomass,biomass_peak_conv,2020,,,,,
elecS_costs_Kor_ptc,peak generation,biomass,biomass_peak_conv,2025,,,,,
elecS_costs_Kor_ptc,peak generation,biomass,biomass_peak_conv,2030,,,,,
elecS_costs_Kor_ptc,peak generation,biomass,biomass_peak_conv,2035,,,,,
elecS_costs_Kor_ptc,peak generation,biomass,biomass_peak_conv,2040,,,,,
elecS_costs_Kor_ptc,peak generation,biomass,biomass_peak_conv,2045,,,,,
elecS_costs_Kor_ptc,peak generation,biomass,biomass_peak_conv,2050,,,,,
elecS_costs_Kor_ptc,peak generation,biomass,biomass_peak_conv,2055,,,,,
elecS_costs_Kor_ptc,peak generation,biomass,biomass_peak_conv,2060,,,,,
elecS_costs_Kor_ptc,peak generation,biomass,biomass_peak_conv,2065,,,,,
elecS_costs_Kor_ptc,peak generation,biomass,biomass_peak_conv,2070,,,,,
elecS_costs_Kor_ptc,peak generation,biomass,biomass_peak_conv,2075,,,,,
elecS_costs_Kor_ptc,peak generation,biomass,biomass_peak_conv,2080,,,,,
elecS_costs_Kor_ptc,peak generation,biomass,biomass_peak_conv,2085,,,,,
elecS_costs_Kor_ptc,peak generation,biomass,biomass_peak_conv,2090,,,,,
elecS_costs_Kor_ptc,peak generation,biomass,biomass_peak_conv,2095,,,,,
elecS_costs_Kor_ptc,peak generation,biomass,biomass_peak_conv,2100,,,,,
elecS_costs_Kor_ptc,peak generation,geothermal,geo_peak,2020,,,,,
elecS_costs_Kor_ptc,peak generation,geothermal,geo_peak,2025,,,,,
elecS_costs_Kor_ptc,peak generation,geothermal,geo_peak,2030,,,,,
elecS_costs_Kor_ptc,peak generation,geothermal,geo_peak,2035,,,,,
elecS_costs_Kor_ptc,peak generation,geothermal,geo_peak,2040,,,,,
elecS_costs_Kor_ptc,peak generation,geothermal,geo_peak,2045,,,,,
elecS_costs_Kor_ptc,peak generation,geothermal,geo_peak,2050,,,,,
elecS_costs_Kor_ptc,peak generation,geothermal,geo_peak,2055,,,,,
elecS_costs_Kor_ptc,peak generation,geothermal,geo_peak,2060,,,,,
elecS_costs_Kor_ptc,peak generation,geothermal,geo_peak,2065,,,,,
elecS_costs_Kor_ptc,peak generation,geothermal,geo_peak,2070,,,,,
elecS_costs_Kor_ptc,peak generation,geothermal,geo_peak,2075,,,,,
elecS_costs_Kor_ptc,peak generation,geothermal,geo_peak,2080,,,,,
elecS_costs_Kor_ptc,peak generation,geothermal,geo_peak,2085,,,,,
elecS_costs_Kor_ptc,peak generation,geothermal,geo_peak,2090,,,,,
elecS_costs_Kor_ptc,peak generation,geothermal,geo_peak,2095,,,,,
elecS_costs_Kor_ptc,peak generation,geothermal,geo_peak,2100,,,,,
elecS_costs_Kor_ptc,peak generation,wind,wind_peak,2020,,,,,
elecS_costs_Kor_ptc,peak generation,wind,wind_peak,2025,,,,,
elecS_costs_Kor_ptc,peak generation,wind,wind_peak,2030,,,,,
elecS_costs_Kor_ptc,peak generation,wind,wind_peak,2035,,,,,
elecS_costs_Kor_ptc,peak generation,wind,wind_peak,2040,,,,,
elecS_costs_Kor_ptc,peak generation,wind,wind_peak,2045,,,,,
elecS_costs_Kor_ptc,peak generation,wind,wind_peak,2050,,,,,
elecS_costs_Kor_ptc,peak generation,wind,wind_peak,2055,,,,,
elecS_costs_Kor_ptc,peak generation,wind,wind_peak,2060,,,,,
elecS_costs_Kor_ptc,peak generation,wind,wind_peak,2065,,,,,
elecS_costs_Kor_ptc,peak generation,wind,wind_peak,2070,,,,,
elecS_costs_Kor_ptc,peak generation,wind,wind_peak,2075,,,,,
elecS_costs_Kor_ptc,peak generation,wind,wind_peak,2080,,,,,
elecS_costs_Kor_ptc,peak generation,wind,wind_peak,2085,,,,,
elecS_costs_Kor_ptc,peak generation,wind,wind_peak,2090,,,,,
elecS_costs_Kor_ptc,peak generation,wind,wind_peak,2095,,,,,
elecS_costs_Kor_ptc,peak generation,wind,wind_peak,2100,,,,,
elecS_costs_Kor_ptc,peak generation,wind,wind_peak_storage,2020,,,,,
elecS_costs_Kor_ptc,peak generation,wind,wind_peak_storage,2025,,,,,
elecS_costs_Kor_ptc,peak generation,wind,wind_peak_storage,2030,,,,,
elecS_costs_Kor_ptc,peak generation,wind,wind_peak_storage,2035,,,,,
elecS_costs_Kor_ptc,peak generation,wind,wind_peak_storage,2040,,,,,
elecS_costs_Kor_ptc,peak generation,wind,wind_peak_storage,2045,,,,,
elecS_costs_Kor_ptc,peak generation,wind,wind_peak_storage,2050,,,,,
elecS_costs_Kor_ptc,peak generation,wind,wind_peak_storage,2055,,,,,
elecS_costs_Kor_ptc,peak generation,wind,wind_peak_storage,2060,,,,,
elecS_costs_Kor_ptc,peak generation,wind,wind_peak_storage,2065,,,,,
elecS_costs_Kor_ptc,peak generation,wind,wind_peak_storage,2070,,,,,
elecS_costs_Kor_ptc,peak generation,wind,wind_peak_storage,2075,,,,,
elecS_costs_Kor_ptc,peak generation,wind,wind_peak_storage,2080,,,,,
elecS_costs_Kor_ptc,peak generation,wind,wind_peak_storage,2085,,,,,
elecS_costs_Kor_ptc,peak generation,wind,wind_peak_storage,2090,,,,,
elecS_costs_Kor_ptc,peak generation,wind,wind_peak_storage,2095,,,,,
elecS_costs_Kor_ptc,peak generation,wind,wind_peak_storage,2100,,,,,
elecS_costs_Kor_ptc,subpeak generation,biomass,biomass_subpeak_conv,2020,,,,,
elecS_costs_Kor_ptc,subpeak generation,biomass,biomass_subpeak_conv,2025,,,,,
elecS_costs_Kor_ptc,subpeak generation,biomass,biomass_subpeak_conv,2030,,,,,
elecS_costs_Kor_ptc,subpeak generation,biomass,biomass_subpeak_conv,2035,,,,,
elecS_costs_Kor_ptc,subpeak generation,biomass,biomass_subpeak_conv,2040,,,,,
elecS_costs_Kor_ptc,subpeak generation,biomass,biomass_subpeak_conv,2045,,,,,
elecS_costs_Kor_ptc,subpeak generation,biomass,biomass_subpeak_conv,2050,,,,,
elecS_costs_Kor_ptc,subpeak generation,biomass,biomass_subpeak_conv,2055,,,,,
elecS_costs_Kor_ptc,subpeak generation,biomass,biomass_subpeak_conv,2060,,,,,
elecS_costs_Kor_ptc,subpeak generation,biomass,biomass_subpeak_conv,2065,,,,,
elecS_costs_Kor_ptc,subpeak generation,biomass,biomass_subpeak_conv,2070,,,,,
elecS_costs_Kor_ptc,subpeak generation,biomass,biomass_subpeak_conv,2075,,,,,
elecS_costs_Kor_ptc,subpeak generation,biomass,biomass_subpeak_conv,2080,,,,,
elecS_costs_Kor_ptc,subpeak generation,biomass,biomass_subpeak_conv,2085,,,,,
elecS_costs_Kor_ptc,subpeak generation,biomass,biomass_subpeak_conv,2090,,,,,
elecS_costs_Kor_ptc,subpeak generation,biomass,biomass_subpeak_conv,2095,,,,,
elecS_costs_Kor_ptc,subpeak generation,biomass,biomass_subpeak_conv,2100,,,,,
elecS_costs_Kor_ptc,subpeak generation,geothermal,geo_subpeak,2020,,,,,
elecS_costs_Kor_ptc,subpeak generation,geothermal,geo_subpeak,2025,,,,,
elecS_costs_Kor_ptc,subpeak generation,geothermal,geo_subpeak,2030,,,,,
elecS_costs_Kor_ptc,subpeak generation,geothermal,geo_subpeak,2035,,,,,
elecS_costs_Kor_ptc,subpeak generation,geothermal,geo_subpeak,2040,,,,,
elecS_costs_Kor_ptc,subpeak generation,geothermal,geo_subpeak,2045,,,,,
elecS_costs_Kor_ptc,subpeak generation,geothermal,geo_subpeak,2050,,,,,
elecS_costs_Kor_ptc,subpeak generation,geothermal,geo_subpeak,2055,,,,,
elecS_costs_Kor_ptc,subpeak generation,geothermal,geo_subpeak,2060,,,,,
elecS_costs_Kor_ptc,subpeak generation,geothermal,geo_subpeak,2065,,,,,
elecS_costs_Kor_ptc,subpeak generation,geothermal,geo_subpeak,2070,,,,,
elecS_costs_Kor_ptc,subpeak generation,geothermal,geo_subpeak,2075,,,,,
elecS_costs_Kor_ptc,subpeak generation,geothermal,geo_subpeak,2080,,,,,
elecS_costs_Kor_ptc,subpeak generation,geothermal,geo_subpeak,2085,,,,,
elecS_costs_Kor_ptc,subpeak generation,geothermal,geo_subpeak,2090,,,,,
elecS_costs_Kor_ptc,subpeak generation,geothermal,geo_subpeak,2095,,,,,
elecS_costs_Kor_ptc,subpeak generation,geothermal,geo_subpeak,2100,,,,,
elecS_costs_Kor_ptc,subpeak generation,wind,wind_subpeak,2020,,,,,
elecS_costs_Kor_ptc,subpeak generation,wind,wind_subpeak,2025,,,,,
elecS_costs_Kor_ptc,subpeak generation,wind,wind_subpeak,2030,,,,,
elecS_costs_Kor_ptc,subpeak generation,wind,wind_subpeak,2035,,,,,
elecS_costs_Kor_ptc,subpeak generation,wind,wind_subpeak,2040,,,,,
elecS_costs_Kor_ptc,subpeak generation,wind,wind_subpeak,2045,,,,,
elecS_costs_Kor_ptc,subpeak generation,wind,wind_subpeak,2050,,,,,
elecS_costs_Kor_ptc,subpeak generation,wind,wind_subpeak,2055,,,,,
elecS_costs_Kor_ptc,subpeak generation,wind,wind_subpeak,2060,,,,,
elecS_costs_Kor_ptc,subpeak generation,wind,wind_subpeak,2065,,,,,
elecS_costs_Kor_ptc,subpeak generation,wind,wind_subpeak,2070,,,,,
elecS_costs_Kor_ptc,subpeak generation,wind,wind_subpeak,2075,,,,,
elecS_costs_Kor_ptc,subpeak generation,wind,wind_subpeak,2080,,,,,
elecS_costs_Kor_ptc,subpeak generation,wind,wind_subpeak,2085,,,,,
elecS_costs_Kor_ptc,subpeak generation,wind,wind_subpeak,2090,,,,,
elecS_costs_Kor_ptc,subpeak generation,wind,wind_subpeak,2095,,,,,
elecS_costs_Kor_ptc,subpeak generation,wind,wind_subpeak,2100,,,,,
elecS_costs_Kor_ptc,subpeak generation,wind,wind_subpeak_storage,2020,,,,,
elecS_costs_Kor_ptc,subpeak generation,wind,wind_subpeak_storage,2025,,,,,
elecS_costs_Kor_ptc,subpeak generation,wind,wind_subpeak_storage,2030,,,,,
elecS_costs_Kor_ptc,subpeak generation,wind,wind_subpeak_storage,2035,,,,,
elecS_costs_Kor_ptc,subpeak generation,wind,wind_subpeak_storage,2040,,,,,
elecS_costs_Kor_ptc,subpeak generation,wind,wind_subpeak_storage,2045,,,,,
elecS_costs_Kor_ptc,subpeak generation,wind,wind_subpeak_storage,2050,,,,,
elecS_costs_Kor_ptc,subpeak generation,wind,wind_subpeak_storage,2055,,,,,
elecS_costs_Kor_ptc,subpeak generation,wind,wind_subpeak_storage,2060,,,,,
elecS_costs_Kor_ptc,subpeak generation,wind,wind_subpeak_storage,2065,,,,,
elecS_costs_Kor_ptc,subpeak generation,wind,wind_subpeak_storage,2070,,,,,
elecS_costs_Kor_ptc,subpeak generation,wind,wind_subpeak_storage,2075,,,,,
elecS_costs_Kor_ptc,subpeak generation,wind,wind_subpeak_storage,2080,,,,,
elecS_costs_Kor_ptc,subpeak generation,wind,wind_subpeak_storage,2085,,,,,
elecS_costs_Kor_ptc,subpeak generation,wind,wind_subpeak_storage,2090,,,,,
elecS_costs_Kor_ptc,subpeak generation,wind,wind_subpeak_storage,2095,,,,,
elecS_costs_Kor_ptc,subpeak generation,wind,wind_subpeak_storage,2100,,,,,
